k-mer	total_count	A	C	G	T
AAAA	61264	15265	15010	15924	15065
AAAC	61124	14859	15671	14910	15684
AAAG	62101	15851	15194	15927	15129
AAAT	61197	14872	15681	14914	15730
AACA	60962	15476	14886	15707	14893
AACC	61896	15082	15850	15134	15830
AACG	61093	15588	14882	15661	14962
AACT	61890	15121	15847	15136	15786
AAGA	62097	15613	15102	16090	15292
AAGC	61676	15036	15766	15097	15777
AAGG	62469	15868	15231	16043	15327
AAGT	61520	15055	15723	15020	15722
AATA	60819	15332	14854	15698	14935
AATC	61944	15162	15816	15156	15810
AATG	61112	15535	14970	15613	14994
AATT	61998	15223	15778	15166	15831
ACAA	61091	15129	15262	15408	15292
ACAC	60139	15256	14774	15307	14802
ACAG	62489	15342	15922	15361	15864
ACAT	60425	15301	14891	15349	14884
ACCA	61347	16017	14889	15474	14967
ACCC	61692	15287	15599	15143	15663
ACCG	61013	15426	15000	15511	15076
ACCT	61698	15269	15629	15155	15645
ACGA	62249	16120	15401	15160	15568
ACGC	60725	15387	14895	15432	15011
ACGG	61645	15255	15588	15183	15619
ACGT	60815	15420	14981	15429	14985
ACTA	61767	16105	15120	15515	15027
ACTC	61851	15307	15612	15221	15711
ACTG	61116	15450	15074	15471	15121
ACTT	61823	15344	15613	15223	15643
AGAA	61285	15148	15223	15533	15381
AGAC	61294	15292	15317	15313	15372
AGAG	62237	15536	15544	15571	15586
AGAT	61252	15322	15298	15304	15328
AGCA	60981	15162	15227	15286	15306
AGCC	61892	15451	15470	15489	15482
AGCG	61118	15238	15309	15275	15296
AGCT	61919	15470	15475	15485	15489
AGGA	61741	15270	15451	15541	15479
AGGC	61195	15274	15291	15320	15310
AGGG	62080	15496	15501	15555	15528
AGGT	61411	15338	15363	15351	15359
AGTA	60897	15181	15213	15208	15295
AGTC	61819	15417	15443	15482	15477
AGTG	61034	15211	15253	15274	15296
AGTT	61835	15412	15491	15468	15464
ATAA	60945	15112	15185	15371	15277
ATAC	61004	15213	15273	15213	15305
ATAG	61243	15336	15288	15330	15289
ATAT	60522	15102	15241	14916	15263
ATCA	61296	15225	15296	15414	15361
ATCC	61640	15600	15233	15575	15232
ATCG	61345	15371	15442	15101	15431
ATCT	61683	15585	15250	15593	15255
ATGA	61259	15195	15374	15463	15227
ATGC	61032	15294	15338	15049	15351
ATGG	61441	15482	15204	15520	15235
ATGT	61054	15291	15344	15061	15358
ATTA	61199	15277	15294	15370	15258
ATTC	61638	15530	15264	15566	15278
ATTG	61326	15374	15366	15155	15431
ATTT	61717	15516	15315	15574	15312
CAAA	61445	15334	15361	15375	15375
CAAC	61536	15364	15387	15381	15404
CAAG	61822	15402	15482	15478	15460
CAAT	61520	15314	15401	15398	15407
CACA	61017	15166	15128	15555	15168
CACC	60922	15310	15220	15179	15213
CACG	61407	15518	15292	15321	15276
CACT	61167	15489	15216	15242	15220
CAGA	61232	15174	15274	15452	15332
CAGC	61749	15376	15472	15451	15450
CAGG	61283	15310	15296	15342	15335
CAGT	61714	15378	15433	15461	15442
CATA	60930	15149	15366	15188	15227
CATC	61091	15345	15209	15342	15195
CATG	61388	15290	15374	15329	15395
CATT	61032	15265	15227	15326	15214
CCAA	62432	15626	15606	15618	15582
CCAC	61363	15243	15345	15380	15395
CCAG	61474	15379	15369	15373	15353
CCAT	61233	15226	15351	15306	15350
CCCA	61639	15594	15429	15208	15408
CCCC	61356	15444	15247	15423	15242
CCCG	61219	15327	15250	15345	15297
CCCT	61513	15448	15308	15454	15303
CCGA	61615	15490	15403	15296	15426
CCGC	61112	15268	15231	15317	15296
CCGG	61673	15400	15389	15546	15338
CCGT	61244	15299	15334	15344	15267
CCTA	61585	15591	15407	15200	15387
CCTC	61623	15466	15368	15466	15323
CCTG	61328	15347	15330	15377	15274
CCTT	61593	15428	15378	15461	15326
CGAA	62474	15630	15639	15652	15553
CGAC	61576	15289	15338	15449	15500
CGAG	60859	15288	15187	15204	15180
CGAT	61412	15296	15389	15340	15387
CGCA	61161	15206	15362	15198	15395
CGCC	61026	15311	15202	15280	15233
CGCG	61508	15318	15423	15380	15387
CGCT	61092	15262	15265	15294	15271
CGGA	61223	15311	15357	15207	15348
CGGC	61547	15405	15391	15348	15403
CGGG	61338	15352	15320	15331	15335
CGGT	61545	15371	15404	15370	15400
CGTA	61274	15303	15349	15210	15412
CGTC	61128	15296	15294	15247	15291
CGTG	61542	15340	15429	15359	15414
CGTT	61059	15236	15230	15311	15282
CTAA	62536	15620	15628	15714	15574
CTAC	61455	15269	15409	15372	15405
CTAG	61328	15361	15319	15351	15297
CTAT	61277	15265	15351	15289	15372
CTCA	61506	15438	15449	15234	15385
CTCC	61733	15471	15363	15468	15431
CTCG	61351	15345	15345	15297	15364
CTCT	61725	15474	15428	15396	15427
CTGA	61540	15400	15409	15302	15429
CTGC	61323	15306	15390	15263	15364
CTGG	61635	15375	15452	15378	15430
CTGT	61337	15311	15367	15295	15364
CTTA	61520	15412	15444	15218	15446
CTTC	61664	15423	15434	15389	15418
CTTG	61430	15385	15381	15290	15374
CTTT	61720	15460	15401	15419	15440
GAAA	61498	15336	15379	15401	15382
GAAC	61626	15377	15426	15415	15408
GAAG	62000	15442	15511	15553	15494
GAAT	61656	15337	15444	15411	15464
GACA	61204	15270	15082	15640	15212
GACC	61496	15484	15320	15318	15374
GACG	61598	15611	15303	15379	15305
GACT	61813	15617	15392	15395	15409
GAGA	61518	15293	15535	15380	15310
GAGC	61404	15318	15359	15329	15398
GAGG	61448	15326	15352	15360	15410
GAGT	61365	15265	15383	15337	15380
GATA	61128	15264	15423	15223	15218
GATC	61511	15425	15311	15427	15348
GATG	61295	15255	15368	15300	15372
GATT	61413	15401	15293	15394	15325
GCAA	61250	15311	15328	15352	15259
GCAC	61378	15223	15341	15361	15453
GCAG	60823	15215	15170	15205	15233
GCAT	61274	15196	15419	15306	15353
GCCA	61605	15298	15485	15393	15429
GCCC	61425	15450	15261	15367	15347
GCCG	61586	15383	15407	15390	15406
GCCT	61506	15404	15365	15390	15347
GCGA	61071	15310	15375	15175	15211
GCGC	61333	15239	15400	15341	15353
GCGG	61161	15272	15286	15308	15295
GCGT	61310	15233	15363	15356	15358
GCTA	61412	15280	15421	15299	15412
GCTC	61477	15340	15413	15347	15377
GCTG	61613	15373	15434	15366	15440
GCTT	61532	15367	15376	15376	15413
GGAA	61563	15330	15400	15440	15393
GGAC	61700	15300	15461	15437	15502
GGAG	61441	15410	15381	15339	15311
GGAT	61458	15276	15428	15372	15382
GGCA	61384	15456	15402	15209	15317
GGCC	61576	15466	15351	15404	15355
GGCG	61260	15297	15332	15288	15343
GGCT	61470	15391	15331	15400	15348
GGGA	61665	15516	15477	15369	15303
GGGC	61656	15374	15518	15334	15430
GGGG	61767	15470	15430	15475	15392
GGGT	61623	15388	15452	15364	15419
GGTA	61418	15436	15424	15199	15359
GGTC	61536	15378	15422	15359	15377
GGTG	61376	15325	15336	15324	15391
GGTT	61548	15440	15337	15406	15365
GTAA	61346	15374	15322	15368	15282
GTAC	61354	15218	15358	15344	15434
GTAG	60765	15223	15177	15220	15145
GTAT	61322	15211	15379	15379	15353
GTCA	61367	15359	15407	15242	15359
GTCC	61621	15410	15376	15422	15413
GTCG	61467	15321	15376	15375	15395
GTCT	61544	15369	15374	15416	15385
GTGA	61100	15306	15367	15182	15245
GTGC	61344	15269	15397	15308	15370
GTGG	61273	15340	15310	15300	15323
GTGT	61405	15281	15349	15370	15405
GTTA	61407	15308	15408	15282	15409
GTTC	61476	15366	15355	15350	15405
GTTG	61619	15337	15411	15424	15447
GTTT	61576	15398	15362	15420	15396
TAAA	61479	15329	15374	15401	15375
TAAC	61555	15362	15412	15387	15394
TAAG	61839	15402	15489	15511	15437
TAAT	61500	15296	15418	15389	15397
TACA	60961	15179	15043	15587	15152
TACC	61436	15471	15302	15382	15281
TACG	61336	15532	15248	15284	15272
TACT	61687	15540	15396	15343	15408
TAGA	61221	15205	15383	15315	15318
TAGC	61081	15251	15295	15241	15294
TAGG	61227	15237	15316	15335	15339
TAGT	60986	15199	15280	15216	15291
TATA	60838	15200	15362	15134	15142
TATC	61418	15364	15304	15420	15330
TATG	60991	15179	15320	15199	15293
TATT	61437	15310	15340	15440	15347
TCAA	61550	15379	15340	15444	15387
TCAC	61633	15295	15462	15359	15517
TCAG	61192	15296	15288	15344	15264
TCAT	61509	15207	15430	15427	15445
TCCA	61911	15523	15560	15399	15429
TCCC	61254	15458	15249	15286	15261
TCCG	61826	15479	15455	15427	15465
TCCT	61412	15464	15321	15329	15298
TCGA	61386	15554	15397	15228	15207
TCGC	61617	15267	15500	15418	15432
TCGG	61174	15296	15284	15301	15293
TCGT	61634	15322	15450	15413	15449
TCTA	61832	15560	15507	15314	15451
TCTC	61364	15393	15340	15317	15314
TCTG	61778	15370	15485	15421	15502
TCTT	61386	15381	15297	15370	15338
TGAA	61457	15389	15364	15375	15329
TGAC	61541	15323	15380	15399	15439
TGAG	61198	15284	15292	15334	15288
TGAT	61225	15234	15396	15279	15316
TGCA	61199	15426	15387	15130	15256
TGCC	61628	15377	15402	15413	15436
TGCG	60989	15218	15269	15218	15284
TGCT	61553	15289	15406	15434	15424
TGGA	61533	15466	15415	15324	15328
TGGC	61292	15331	15376	15258	15327
TGGG	61526	15347	15405	15406	15368
TGGT	61299	15321	15317	15291	15370
TGTA	61198	15426	15368	15148	15256
TGTC	61516	15276	15462	15379	15399
TGTG	61170	15224	15326	15316	15304
TGTT	61636	15319	15418	15434	15465
TTAA	61546	15373	15420	15386	15367
TTAC	61607	15261	15396	15407	15543
TTAG	61179	15301	15297	15326	15255
TTAT	61563	15260	15447	15407	15449
TTCA	61715	15528	15481	15302	15404
TTCC	61409	15430	15282	15361	15336
TTCG	61648	15349	15454	15401	15444
TTCT	61408	15404	15312	15373	15319
TTGA	61522	15556	15391	15251	15324
TTGC	61670	15330	15503	15369	15468
TTGG	61301	15336	15326	15328	15311
TTGT	61724	15315	15456	15444	15509
TTTA	61769	15549	15461	15309	15450
TTTC	61402	15396	15356	15343	15307
TTTG	61842	15426	15512	15432	15472
TTTT	61533	15395	15324	15429	15385
